filename,link,,,,,,,,,,,,,,,
15970.jpg,http://assets.myntassets.com/v1/images/style/properties/7a5b82d1372a7a5c6de67ae7a314fd91_images.jpg,,,,,,,,,,,,,,,
39386.jpg,http://assets.myntassets.com/v1/images/style/properties/4850873d0c417e6480a26059f83aac29_images.jpg,,,,,,,,,,,,,,,
59263.jpg,http://assets.myntassets.com/v1/images/style/properties/Titan-Women-Silver-Watch_b4ef04538840c0020e4829ecc042ead1_images.jpg,,,,,,,,,,,,,,,
21379.jpg,http://assets.myntassets.com/v1/images/style/properties/8153dc35d9a5420eeb93922067137db6_images.jpg,,,,,,,,,,,,,,,
53759.jpg,http://assets.myntassets.com/v1/images/style/properties/Puma-Men-Grey-T-shirt_32668f8a61454d0cc028a808cf21b383_images.jpg,,,,,,,,,,,,,,,
1855.jpg,http://assets.myntassets.com/v1/images/style/properties/9c1b19682ecf926c296f520d5d6e0972_images.jpg,,,,,,,,,,,,,,,
30805.jpg,http://assets.myntassets.com/v1/images/style/properties/06e9d4231254fdb2c7fe967ad413ad7b_images.jpg,,,,,,,,,,,,,,,
26960.jpg,http://assets.myntassets.com/v1/images/style/properties/45ddbc6a15140556214e15923244755b_images.jpg,,,,,,,,,,,,,,,
29114.jpg,http://assets.myntassets.com/v1/images/style/properties/4ca8848ab441378a392d9d5bf0b0f3c7_images.jpg,,,,,,,,,,,,,,,
30039.jpg,http://assets.myntassets.com/v1/images/style/properties/Skagen-Men-Black-Watch_4982b2b1a76a85a85c9adc8b4b2d523a_images.jpg,,,,,,,,,,,,,,,
9204.jpg,http://assets.myntassets.com/v1/images/style/properties/051d64772f1b38ff476fbf0a807f365a_images.jpg,,,,,,,,,,,,,,,
48123.jpg,http://assets.myntassets.com/v1/images/style/properties/8eee4563e14cf451b07f27761fd6535f_images.jpg,,,,,,,,,,,,,,,
18653.jpg,http://assets.myntassets.com/v1/images/style/properties/53690e3f396f411e184b249672d6ebae_images.jpg,,,,,,,,,,,,,,,
47957.jpg,http://assets.myntassets.com/v1/images/style/properties/Murcia-Women-Blue-Handbag_13cfaff26872c298112a8e7da15c1e1d_images.jpg,,,,,,,,,,,,,,,
46885.jpg,http://assets.myntassets.com/v1/images/style/properties/5cab6a2305d0e63142f721228aa6d293_images.jpg,,,,,,,,,,,,,,,
12369.jpg,http://assets.myntassets.com/v1/images/style/properties/8bc9be576081baae77e8561b1132288f_images.jpg,,,,,,,,,,,,,,,
29928.jpg,http://assets.myntassets.com/v1/images/style/properties/Police-Men-Black-Dial-Watch_5bd8cae4fc61052a6f00cfcd69c4a936_images.jpg,,,,,,,,,,,,,,,
42419.jpg,http://assets.myntassets.com/v1/images/style/properties/f3964f76c78edd85f4512d98b26d52e9_images.jpg,,,,,,,,,,,,,,,
51832.jpg,http://assets.myntassets.com/v1/image/style/properties/51832/Bwitch-Beige-Full-Coverage-Bra-BW335_1_d516fa94f14f0a5ecc90df7754390eb5.jpg,,,,,,,,,,,,,,,
47359.jpg,http://assets.myntassets.com/v1/images/style/properties/b14c7bf275c6edca3e849200fb7cbf6c_images.jpg,,,,,,,,,,,,,,,
17429.jpg,http://assets.myntassets.com/assets/images/17429/2018/3/5/11520250143953-CASIO-G-Shock-Men-Black-Digital-Watch-G223-8211520250143786-1.jpg,,,,,,,,,,,,,,,
12967.jpg,http://assets.myntassets.com/v1/images/style/properties/c5a22e9ccf9b10e0a89ffbbf3e386584_images.jpg,,,,,,,,,,,,,,,
6842.jpg,http://assets.myntassets.com/v1/images/style/properties/92589dc7416b70f1a5c6a4c1f13d14e3_images.jpg,,,,,,,,,,,,,,,
13089.jpg,http://assets.myntassets.com/v1/images/style/properties/59912a0287751ff0475c8748dbcf4ea0_images.jpg,,,,,,,,,,,,,,,
18461.jpg,http://assets.myntassets.com/v1/images/style/properties/3295fc148576955745c0b259d7968727_images.jpg,,,,,,,,,,,,,,,
9036.jpg,http://assets.myntassets.com/v1/images/style/properties/06edc2da9c6d103d299e5e8dafc5b6b9_images.jpg,,,,,,,,,,,,,,,
48311.jpg,http://assets.myntassets.com/v1/images/style/properties/Pitaraa-Women-Golden-Brass-Bead-Bracelet_179aa06939858b54e8e6c80fe12d94d5_images.jpg,,,,,,,,,,,,,,,
7990.jpg,http://assets.myntassets.com/v1/images/style/properties/296a8c388d05d67346db88af27d3b763_images.jpg,,,,,,,,,,,,,,,
56019.jpg,http://assets.myntassets.com/assets/images/56019/2019/1/11/49d718c4-6d86-42d1-8d00-1ce4b7851b2c1547190759839-Colorbar-Soft-Touch-Show-Stopper-Copper-Lipstick-037-2715471-1.jpg,,,,,,,,,,,,,,,
21977.jpg,http://assets.myntassets.com/v1/images/style/properties/88d0bc675d72477729f38c30332e749a_images.jpg,,,,,,,,,,,,,,,
37812.jpg,http://assets.myntassets.com/v1/images/style/properties/3af9f145845d8453a066322de35980af_images.jpg,,,,,,,,,,,,,,,
4729.jpg,http://assets.myntassets.com/v1/images/style/properties/0108969213975af06095ff84a0ec0c72_images.jpg,,,,,,,,,,,,,,,
56825.jpg,http://assets.myntassets.com/v1/images/style/properties/John-Players-Men-Brown-Shirt_7eec3b0568f65dc8f39a534376538551_images.jpg,,,,,,,,,,,,,,,
39988.jpg,http://assets.myntassets.com/v1/images/style/properties/9c3d77147758ab10f12caf6184fe13ef_images.jpg,,,,,,,,,,,,,,,
59051.jpg,http://assets.myntassets.com/v1/images/style/properties/Carlton-London-Women-Black-Gladiator-Sandals_b8f695202ccc1889f65d57b4000a888f_images.jpg,,,,,,,,,,,,,,,
20099.jpg,http://assets.myntassets.com/v1/images/style/properties/08a0c29d2ea67ca9449aa54466f6b0a1_images.jpg,,,,,,,,,,,,,,,
58183.jpg,http://assets.myntassets.com/v1/images/style/properties/Rocky-S-Women-White-Handbag_1440a0abd2ddaf3199965e604831b164_images.jpg,,,,,,,,,,,,,,,
29742.jpg,http://assets.myntassets.com/v1/images/style/properties/8b58c65e5634233b165c40cdbbcf58b8_images.jpg,,,,,,,,,,,,,,,
51658.jpg,http://assets.myntassets.com/v1/images/style/properties/072af0cd079f20296c72f3594a21f141_images.jpg,,,,,,,,,,,,,,,
3954.jpg,http://assets.myntassets.com/v1/images/style/properties/b56e261f9206aa95e42c43f4e62d0e5a_images.jpg,,,,,,,,,,,,,,,
18839.jpg,http://assets.myntassets.com/v1/images/style/properties/Peter-England-Men-Formal-Black-Beltbc472bd919c505690ecbc1eed8af7fbf_images.jpg,,,,,,,,,,,,,,,
2886.jpg,http://assets.myntassets.com/v1/images/style/properties/94a9deea53125663d9bbe61cb38b84b4_images.jpg,,,,,,,,,,,,,,,
23278.jpg,http://assets.myntassets.com/v1/images/style/properties/93aa34922c6446706c003ba2255747f5_images.jpg,,,,,,,,,,,,,,,
28690.jpg,http://assets.myntassets.com/v1/images/style/properties/df0a23e732654c5e7db3888e39393e79_images.jpg,,,,,,,,,,,,,,,
8580.jpg,http://assets.myntassets.com/v1/images/style/properties/0d2e2ceaaf6d09d447caad678b2edbe6_images.jpg,,,,,,,,,,,,,,,
3168.jpg,http://assets.myntassets.com/v1/images/style/properties/4eff2353c62ec8b7bca9fbbaf5996bd2_images.jpg,,,,,,,,,,,,,,,
18005.jpg,http://assets.myntassets.com/v1/images/style/properties/91ca48e3204f23cd376fad7f186875bf_images.jpg,,,,,,,,,,,,,,,
17871.jpg,http://assets.myntassets.com/v1/images/style/properties/155353efc674d253e30c213ca07bbb0b_images.jpg,,,,,,,,,,,,,,,
9452.jpg,http://assets.myntassets.com/v1/images/style/properties/5e557eb0be7c6420f7c7a6bbaa432993_images.jpg,,,,,,,,,,,,,,,
38402.jpg,http://assets.myntassets.com/v1/images/style/properties/2eb3aa5eefb3319f10f7815100a18e3c_images.jpg,,,,,,,,,,,,,,,
44984.jpg,http://assets.myntassets.com/v1/images/style/properties/676dd802241d46a5ce28c78d1dabbc5a_images.jpg,,,,,,,,,,,,,,,
10268.jpg,http://assets.myntassets.com/v1/images/style/properties/2976e4095e7b3ae2de99df54d2adeaaa_images.jpg,,,,,,,,,,,,,,,
45856.jpg,http://assets.myntassets.com/v1/images/style/properties/fee54b57fcd02b7c07d42b0918025099_images.jpg,,,,,,,,,,,,,,,
32138.jpg,http://assets.myntassets.com/v1/images/style/properties/Playboy-Men-Blue-Titanium-Briefs_5c63c52edabbab43f6aefc52842d73f2_images.jpg,,,,,,,,,,,,,,,
59435.jpg,http://assets.myntassets.com/v1/images/style/properties/Arrow-Men-Black-Formal-Shoes_70a3c7c185338a5636c8c0e668829bb6_images.jpg,,,,,,,,,,,,,,,
5891.jpg,http://assets.myntassets.com/v1/images/style/properties/02e4e32cd9d09052f0ec3d46fa747d39_images.jpg,,,,,,,,,,,,,,,
38630.jpg,http://assets.myntassets.com/v1/images/style/properties/206a0614c4644cd8816576efd47d60d8_images.jpg,,,,,,,,,,,,,,,
4943.jpg,http://assets.myntassets.com/v1/images/style/properties/1aae016d0abb224cfc18e6bd9bb01ad1_images.jpg,,,,,,,,,,,,,,,
11188.jpg,http://assets.myntassets.com/v1/images/style/properties/b2959d44db543af13d78492225a830de_images.jpg,,,,,,,,,,,,,,,
10866.jpg,http://assets.myntassets.com/v1/images/style/properties/b34550bc6415dcd66892de4ef2837fd9_images.jpg,,,,,,,,,,,,,,,
59607.jpg,http://assets.myntassets.com/v1/images/style/properties/FNF-Green-Collection-for-Wedding-Wear-Sari_6c60eef0b8d9cff87cfcd1f73953e5cd_images.jpg,,,,,,,,,,,,,,,
15528.jpg,http://assets.myntassets.com/v1/images/style/properties/cd16e955e4b6b3f9d7089c15652a3f00_images.jpg,,,,,,,,,,,,,,,
45258.jpg,http://assets.myntassets.com/v1/images/style/properties/b8024bdd3fc47c2b20bd840f89811979_images.jpg,,,,,,,,,,,,,,,
42841.jpg,http://assets.myntassets.com/v1/images/style/properties/97d3bb4a71c9f7da88305ce9144d8576_images.jpg,,,,,,,,,,,,,,,
22198.jpg,http://assets.myntassets.com/v1/images/style/properties/70e74ca34b3b534b19d6b006d5bfad0a_images.jpg,,,,,,,,,,,,,,,
29570.jpg,http://assets.myntassets.com/v1/images/style/properties/49f884ddf4420d869ad143857d3bc33d_images.jpg,,,,,,,,,,,,,,,
43993.jpg,http://assets.myntassets.com/v1/images/style/properties/438c41900a80acabb3ef197f0559a9eb_images.jpg,,,,,,,,,,,,,,,
